ID,Route,Komponente,Problem,Root Cause,Datei,Änderung,Test/Nachweis,Ergebnis
V217-01,/kunden/neu,CustomerForm → FormWizard → FormSection/Field,Altes Langformular,CustomerForm rendert ein eigenes Formular und optional-details statt FormWizard,components/pages/customers.tsx:127,"Zwei Schritte, erforderliche Validierung, optionale Angaben, ein Abschluss","remediation: 320/390/768/1440, Validierung/Zurück/Abbrechen/Fehler/Retry/Doppelklick",WebKit-Produktion Light/Dark PASS; docs/assets/v21-7/results-webkit-light-dark.json
V217-02,/mitarbeiter/[id],EmployeeForm → FormSection/Field,Uneinheitlicher Übergang Pensum/Eintritt,Zwei benachbarte form-grid ohne gemeinsame Abschnittsverantwortung,components/pages/employees.tsx:33,Gemeinsame Abschnitte Persönliche Daten/Arbeitsverhältnis,remediation: Feldgeometrie und erreichbare Schlussaktion,WebKit-Produktion Light/Dark PASS; docs/assets/v21-7/results-webkit-light-dark.json
V217-03,Alle FormWizard-Verwendungen,FormWizard,Feste Höhenreserve unabhängig vom Seitentyp,Viewport-Höhe wird mit pauschal 20px statt Container-Inset berechnet,components/form-wizard.tsx:7,Berechnung verwendet tatsächliches zentrales Seiten-Padding,"remediation und employees: Footer an beiden Schritten, reduzierte Höhe",WebKit-Produktion Light/Dark PASS; docs/assets/v21-7/results-webkit-light-dark.json
V217-04,Alle FormWizard-Verwendungen,FormWizard/FormActions,Abschluss umgeht native Control-Validierung,Nur Weiter führt checkValidity aus,components/form-wizard.tsx:7; components/ui.tsx:139,Capture-Validierung am bestehenden Abschluss-Footer,"remediation: ungültige Controls, unit: first/middle/final action ownership",WebKit-Produktion Light/Dark PASS; docs/assets/v21-7/results-webkit-light-dark.json
V217-05,Alle FormWizard-Verwendungen,FormWizard,Fokussiertes Feld kann unter dem Footer abgeschnitten werden,"Resize behandelt Fokus, focusin löst aber keine neue Ausrichtung aus",components/form-wizard.tsx:7,focusin plant Viewport-Messung und scrollIntoView im nächsten Frame,remediation: aktive Eingabe liegt vollständig im wizard-content bei 400px Höhe,Gezielter WebKit-Produktionslauf PASS; Nachweis docs/assets/v21-7
V217-06,Form/Action/Filter/Wizard Sheets,Sheet/.bottom-sheet,Mehrere sich widersprechende Höhen/Scrollregeln,Höhen 82dvh/88dvh/720px/760px wurden durch spezifischeren späteren Selektor überlagert,app/styles/app.css:1029; app/styles/responsive.css:171,Wirksame Flex-/Viewport-/Scrollverantwortung in der Ursprungsregel konsolidiert; verdrängte Deklarationen entfernt,CSS-Kaskadentest; customers/time/header/operator Overlay-Szenarien,css:check und gezielte Produktions-Overlays PASS
V217-07,/kunden/neu und /kunden/[id]/bearbeiten,CustomerForm,Tote Altformular-Styles,optional-details existiert nach Wizard-Migration in keinem gerenderten TSX-Pfad mehr,app/styles/app.css:384; app/styles/responsive.css:171,Vier nach Referenzsuche ungenutzte Selektoren entfernt,"rg-Referenzsuche, CSS-Gate, Laufzeit kein optional-details",PASS
V217-08,Alle Sheets,ThemeRuntime/Tokens,Ungenutzte Viewport-Synchronisation,sheet-available-height diente ausschliesslich einer verdrängten Höhenregel,components/theme-runtime.tsx:4; app/styles/tokens.css:118,Ungenutzter Token und Setter entfernt; tatsächlicher useDialogFocus-Viewport bleibt,"Referenzsuche, theme-selfcheck, Overlay-Szenarien",Statische Tests und gezielte Produktions-Overlays PASS
V217-09,/kunden/[id],EmptyState,Leere Kontakte/Aktivität ohne Standardzustand,Eigenständige p-Tags statt bestehendem EmptyState,components/pages/customers.tsx:127,Zentrale kompakte EmptyStates,customers-Interaktionen und leere Listen,Gezielter WebKit-Produktionslauf PASS; Nachweis docs/assets/v21-7
V217-10,Alle Kunden-/Operator-Routen,Bottom-Navigation,Geschützter Bestand,Nicht zur Änderung freigegeben,components/app-shell.tsx:1; components/operator.tsx:1; CSS/Token-Abhängigkeiten,Keine Navigation geändert,navigation-contract-test und navigation-foundation-test,"PASS: Quellmarkup, Verhalten, Selektoren, transitive Tokens"
V217-11,/angebote/neu; /rechnungen/neu; PDF,Bestehende Dokumentarchitektur,Regression verhindern,Aktuelles main enthält neuere Korrekturen als offener PR #222,components/documents.tsx:1; components/pdf-preview.tsx:1,"Unverändert, keine veraltete Branchversion übernommen","document-presentation-test, migration-test, documents-Browserszenarien",Unit/PGlite und gezielte Dokument-Browserszenarien PASS
V217-12,Alle Seiten,Render-/CSS-Inventar,Importe sind kein Laufzeitnachweis,"Statische Abhängigkeit enthält auch Hilfsfunktionen, keine tatsächliche CSSOM-Auswahl",scripts/ux-inventory.mjs:22; scripts/ux-dom-evidence.mjs:4,"71 Seiten, 13 Operatorvarianten, API-Routen und 376 Module erfasst; CSSOM separat",Inventar plus pro Route DOM-Geometrie/Kaskadenkandidaten,Inventar PASS; Laufzeitabdeckung ausstehend
V217-13,Geschäftsprozesse/Rollen,Bestehende Server-Repositories,Regression verhindern,UI-Sperren ersetzen keine Server-Berechtigung,scripts/migration-test.mjs:1; scripts/permission-selfcheck.mjs:1,Keine API-/Datenmodell-/Rollen-/Statusänderung,"PostgreSQL/PGlite-Integration, Tenant-/Rollen-/Status-/Zahlungsprüfungen",PASS in lokalem Testmodell; reale Provider offen
V217-14,iOS/Android installiert,PWA/Keyboard,Physischer Nachweis fehlt,Keine physischen Geräte im verfügbaren Testumfeld,Unverändert,Keine Freigabe durch emulierte Höhe ersetzen,"Installation, OS-Keyboard, Neustart und Safe Areas auf echten Geräten",NICHT NACHGEWIESEN
V217-15,GitHub/Azure,Quality/Deploy,Veröffentlichung nach Gates,PR-/Deploy-Status noch nicht vorliegend,Bestehende Workflows,Keine Gates umgehen,Exakter Commit → Quality → Merge → Azure → Health/Assets,AUSSTEHEND
V217-16,Alle Erfassungsprozesse,AppShell-Erfassungstyp / page-container,Aktives Feld bei 768x400px abgeschnitten,Landscape-Regel reserviert Navigation-Platz bei ausgeblendeter Navigation,app/styles/app.css:387; app/styles/responsive.css:2802,Navigationreserve auf Seiten mit Navigation begrenzt; gemeinsamer Erfassungs-Inset,Produktions-CSSOM: vorher 14px Inhaltsbereich bei 40px Eingabe; remediation aktive Feldgrenzen,PASS: aktive Eingabe vollständig sichtbar; before-768-active-field-error.png und light-768-400-customer-wizard.png
